{
  "bricks_forge_controller": {
    "materials": [
      "minecraft:bricks"
    ],
    "recipe_materials": [
      "minecraft:bricks"
    ],
    "tier": 1.5,
    "max_heat": 100000,
    "material_translation_key": "block.minecraft.bricks"
  },
  "stone_brick_forge_controller": {
    "materials": [
      "minecraft:stone_bricks",
      "minecraft:cracked_stone_bricks",
      "minecraft:mossy_stone_bricks",
      "minecraft:chiseled_stone_bricks"
    ],
    "recipe_materials": [
      "minecraft:stone_bricks",
      "minecraft:cracked_stone_bricks",
      "minecraft:mossy_stone_bricks",
      "minecraft:chiseled_stone_bricks"
    ],
    "tier": 1,
    "max_heat": 150000,
    "material_translation_key": "block.minecraft.stone_bricks"
  },
  "blackstone_forge_controller": {
    "materials": [
      "minecraft:polished_blackstone",
      "minecraft:chiseled_polished_blackstone",
      "minecraft:polished_blackstone_bricks",
      "minecraft:cracked_polished_blackstone_bricks"
    ],
    "recipe_materials": [
      "minecraft:polished_blackstone",
      "minecraft:chiseled_polished_blackstone",
      "minecraft:polished_blackstone_bricks",
      "minecraft:cracked_polished_blackstone_bricks"
    ],
    "tier": 2,
    "max_heat": 200000,
    "material_translation_key": "block.minecraft.blackstone"
  },
  "end_stone_forge_controller": {
    "materials": [
      "minecraft:end_stone",
      "minecraft:end_stone_bricks"
    ],
    "recipe_materials": [
      "minecraft:end_stone",
      "minecraft:end_stone_bricks"
    ],
    "tier": 3,
    "max_heat": 250000,
    "material_translation_key": "block.minecraft.end_stone"
  }
}