{
  "recipes": {
    "stalagnate_stem_stalagnate_log[def: true]": true,
    "stalagnate_log_stalagnate_bark[def: true]": true,
    "stalagnate_stem_stalagnate_planks[def: true]": true,
    "stalagnate_log_stalagnate_planks[def: true]": true,
    "stalagnate_bark_stalagnate_planks[def: true]": true,
    "striped_log_stalagnate_stalagnate_planks[def: true]": true,
    "striped_bark_stalagnate_stalagnate_planks[def: true]": true,
    "stalagnate_planks_stalagnate_planks_stairs[def: true]": true,
    "stalagnate_planks_stalagnate_planks_slab[def: true]": true,
    "stalagnate_planks_fence[def: true]": true,
    "stalagnate_planks_gate[def: true]": true,
    "stalagnate_planks_stalagnate_planks_button[def: true]": true,
    "stalagnate_planks_stalagnate_planks_plate[def: true]": true,
    "stalagnate_planks_stalagnate_planks_trapdoor[def: true]": true,
    "stalagnate_planks_stalagnate_planks_door[def: true]": true,
    "reeds_block_reeds_stairs[def: true]": true,
    "reeds_block_reeds_slab[def: true]": true,
    "reeds_fence[def: true]": true,
    "reeds_gate[def: true]": true,
    "reeds_block_reeds_button[def: true]": true,
    "reeds_block_reeds_plate[def: true]": true,
    "reeds_block_reeds_trapdoor[def: true]": true,
    "reeds_block_reeds_door[def: true]": true,
    "cincinnasite_forged_cincinnasite_stairs[def: true]": true,
    "cincinnasite_forged_cincinnasite_slab[def: true]": true,
    "cincinnasite_forged_cincinnasite_plate[def: true]": true,
    "cincinnasite_wall[def: true]": true,
    "nether_ruby_block_nether_ruby_stairs[def: true]": true,
    "nether_ruby_block_nether_ruby_slab[def: true]": true,
    "nether_brick_wall[def: true]": true,
    "nether_brick_tile_small_nether_brick_tile_slab[def: true]": true,
    "nether_brick_tile_small_nether_brick_tile_stairs[def: true]": true,
    "bone_block_bone_stairs[def: true]": true,
    "bone_block_bone_slab[def: true]": true,
    "bone_block_bone_button[def: true]": true,
    "bone_block_bone_plate[def: true]": true,
    "bone_wall[def: true]": true,
    "quartz_glass_white[def: true]": true,
    "quartz_glass_orange[def: true]": true,
    "quartz_glass_magenta[def: true]": true,
    "quartz_glass_light_blue[def: true]": true,
    "quartz_glass_yellow[def: true]": true,
    "quartz_glass_lime[def: true]": true,
    "quartz_glass_pink[def: true]": true,
    "quartz_glass_gray[def: true]": true,
    "quartz_glass_light_gray[def: true]": true,
    "quartz_glass_cyan[def: true]": true,
    "quartz_glass_purple[def: true]": true,
    "quartz_glass_blue[def: true]": true,
    "quartz_glass_brown[def: true]": true,
    "quartz_glass_green[def: true]": true,
    "quartz_glass_red[def: true]": true,
    "quartz_glass_black[def: true]": true,
    "quartz_glass_framed_white[def: true]": true,
    "quartz_glass_framed_orange[def: true]": true,
    "quartz_glass_framed_magenta[def: true]": true,
    "quartz_glass_framed_light_blue[def: true]": true,
    "quartz_glass_framed_yellow[def: true]": true,
    "quartz_glass_framed_lime[def: true]": true,
    "quartz_glass_framed_pink[def: true]": true,
    "quartz_glass_framed_gray[def: true]": true,
    "quartz_glass_framed_light_gray[def: true]": true,
    "quartz_glass_framed_cyan[def: true]": true,
    "quartz_glass_framed_purple[def: true]": true,
    "quartz_glass_framed_blue[def: true]": true,
    "quartz_glass_framed_brown[def: true]": true,
    "quartz_glass_framed_green[def: true]": true,
    "quartz_glass_framed_red[def: true]": true,
    "quartz_glass_framed_black[def: true]": true,
    "quartz_glass_pane_white[def: true]": true,
    "quartz_glass_pane_orange[def: true]": true,
    "quartz_glass_pane_magenta[def: true]": true,
    "quartz_glass_pane_light_blue[def: true]": true,
    "quartz_glass_pane_yellow[def: true]": true,
    "quartz_glass_pane_lime[def: true]": true,
    "quartz_glass_pane_pink[def: true]": true,
    "quartz_glass_pane_gray[def: true]": true,
    "quartz_glass_pane_light_gray[def: true]": true,
    "quartz_glass_pane_cyan[def: true]": true,
    "quartz_glass_pane_purple[def: true]": true,
    "quartz_glass_pane_blue[def: true]": true,
    "quartz_glass_pane_brown[def: true]": true,
    "quartz_glass_pane_green[def: true]": true,
    "quartz_glass_pane_red[def: true]": true,
    "quartz_glass_pane_black[def: true]": true,
    "quartz_glass_framed_pane_white[def: true]": true,
    "quartz_glass_framed_pane_orange[def: true]": true,
    "quartz_glass_framed_pane_magenta[def: true]": true,
    "quartz_glass_framed_pane_light_blue[def: true]": true,
    "quartz_glass_framed_pane_yellow[def: true]": true,
    "quartz_glass_framed_pane_lime[def: true]": true,
    "quartz_glass_framed_pane_pink[def: true]": true,
    "quartz_glass_framed_pane_gray[def: true]": true,
    "quartz_glass_framed_pane_light_gray[def: true]": true,
    "quartz_glass_framed_pane_cyan[def: true]": true,
    "quartz_glass_framed_pane_purple[def: true]": true,
    "quartz_glass_framed_pane_blue[def: true]": true,
    "quartz_glass_framed_pane_brown[def: true]": true,
    "quartz_glass_framed_pane_green[def: true]": true,
    "quartz_glass_framed_pane_red[def: true]": true,
    "quartz_glass_framed_pane_black[def: true]": true,
    "obsidian_bricks_obsidian_bricks_stairs[def: true]": true,
    "obsidian_bricks_obsidian_bricks_slab[def: true]": true,
    "obsidian_tile_small_obsidian_tile_stairs[def: true]": true,
    "obsidian_tile_small_obsidian_tile_slab[def: true]": true,
    "blue_obsidian_bricks_blue_obsidian_bricks_stairs[def: true]": true,
    "blue_obsidian_bricks_blue_obsidian_bricks_slab[def: true]": true,
    "blue_obsidian_tile_small_blue_obsidian_tile_stairs[def: true]": true,
    "blue_obsidian_tile_small_blue_obsidian_tile_slab[def: true]": true,
    "soul_sandstone_soul_sandstone_cut[def: true]": true,
    "soul_sandstone_cut_soul_sandstone_smooth[def: true]": true,
    "soul_sandstone_smooth_soul_sandstone_chiseled[def: true]": true,
    "soul_sandstone_soul_sandstone_stairs[def: true]": true,
    "soul_sandstone_cut_soul_sandstone_cut_stairs[def: true]": true,
    "soul_sandstone_smooth_soul_sandstone_smooth_stairs[def: true]": true,
    "soul_sandstone_soul_sandstone_slab[def: true]": true,
    "soul_sandstone_cut_soul_sandstone_cut_slab[def: true]": true,
    "soul_sandstone_smooth_soul_sandstone_smooth_slab[def: true]": true,
    "soul_sandstone_wall[def: true]": true,
    "polished_basalt_basalt_bricks[def: true]": true,
    "basalt_bricks_basalt_bricks_stairs[def: true]": true,
    "basalt_bricks_basalt_bricks_slab[def: true]": true,
    "basalt_bricks_wall[def: true]": true,
    "basalt_basalt_slab[def: true]": true,
    "willow_log_willow_bark[def: true]": true,
    "willow_log_willow_planks[def: true]": true,
    "willow_bark_willow_planks[def: true]": true,
    "striped_log_willow_willow_planks[def: true]": true,
    "striped_bark_willow_willow_planks[def: true]": true,
    "willow_planks_willow_stairs[def: true]": true,
    "willow_planks_willow_slab[def: true]": true,
    "willow_fence[def: true]": true,
    "willow_gate[def: true]": true,
    "willow_planks_willow_button[def: true]": true,
    "willow_planks_willow_plate[def: true]": true,
    "willow_planks_willow_trapdoor[def: true]": true,
    "willow_planks_willow_door[def: true]": true,
    "wart_log_wart_bark[def: true]": true,
    "wart_log_wart_planks[def: true]": true,
    "wart_bark_wart_planks[def: true]": true,
    "striped_log_wart_wart_planks[def: true]": true,
    "striped_bark_wart_wart_planks[def: true]": true,
    "wart_planks_wart_stairs[def: true]": true,
    "wart_planks_wart_slab[def: true]": true,
    "wart_fence[def: true]": true,
    "wart_gate[def: true]": true,
    "wart_planks_wart_button[def: true]": true,
    "wart_planks_wart_plate[def: true]": true,
    "wart_planks_wart_trapdoor[def: true]": true,
    "wart_planks_wart_door[def: true]": true,
    "rubeus_log_rubeus_bark[def: true]": true,
    "rubeus_log_rubeus_planks[def: true]": true,
    "rubeus_bark_rubeus_planks[def: true]": true,
    "striped_log_rubeus_rubeus_planks[def: true]": true,
    "striped_bark_rubeus_rubeus_planks[def: true]": true,
    "rubeus_planks_rubeus_stairs[def: true]": true,
    "rubeus_planks_rubeus_slab[def: true]": true,
    "rubeus_fence[def: true]": true,
    "rubeus_gate[def: true]": true,
    "rubeus_planks_rubeus_button[def: true]": true,
    "rubeus_planks_rubeus_plate[def: true]": true,
    "rubeus_planks_rubeus_trapdoor[def: true]": true,
    "rubeus_planks_rubeus_door[def: true]": true,
    "mushroom_stem_mushroom_planks[def: true]": true,
    "mushroom_planks_mushroom_stairs[def: true]": true,
    "mushroom_planks_mushroom_slab[def: true]": true,
    "mushroom_fence[def: true]": true,
    "mushroom_gate[def: true]": true,
    "mushroom_planks_mushroom_button[def: true]": true,
    "mushroom_planks_mushroom_plate[def: true]": true,
    "mushroom_planks_mushroom_trapdoor[def: true]": true,
    "mushroom_planks_mushroom_door[def: true]": true,
    "mushroom_fir_stem_mushroom_fir_log[def: true]": true,
    "mushroom_fir_log_mushroom_fir_wood[def: true]": true,
    "mushroom_fir_stem_mushroom_fir_planks[def: true]": true,
    "mushroom_fir_log_mushroom_fir_planks[def: true]": true,
    "mushroom_fir_wood_mushroom_fir_planks[def: true]": true,
    "striped_log_mushroom_fir_mushroom_fir_planks[def: true]": true,
    "striped_wood_mushroom_fir_mushroom_fir_planks[def: true]": true,
    "mushroom_fir_planks_mushroom_fir_stairs[def: true]": true,
    "mushroom_fir_planks_mushroom_fir_slab[def: true]": true,
    "mushroom_fir_fence[def: true]": true,
    "mushroom_fir_gate[def: true]": true,
    "mushroom_fir_planks_mushroom_fir_button[def: true]": true,
    "mushroom_fir_planks_mushroom_fir_plate[def: true]": true,
    "mushroom_fir_planks_mushroom_fir_trapdoor[def: true]": true,
    "mushroom_fir_planks_mushroom_fir_door[def: true]": true,
    "anchor_tree_log_anchor_tree_bark[def: true]": true,
    "striped_log_anchor_tree_anchor_tree_planks[def: true]": true,
    "striped_bark_anchor_tree_anchor_tree_planks[def: true]": true,
    "anchor_tree_log_anchor_tree_planks[def: true]": true,
    "anchor_tree_bark_anchor_tree_planks[def: true]": true,
    "anchor_tree_planks_anchor_tree_stairs[def: true]": true,
    "anchor_tree_planks_anchor_tree_slab[def: true]": true,
    "anchor_tree_fence[def: true]": true,
    "anchor_tree_gate[def: true]": true,
    "anchor_tree_planks_anchor_tree_button[def: true]": true,
    "anchor_tree_planks_anchor_tree_plate[def: true]": true,
    "anchor_tree_planks_anchor_tree_trapdoor[def: true]": true,
    "anchor_tree_planks_anchor_tree_door[def: true]": true,
    "taburet_anchor_tree[def: true]": true,
    "chair_anchor_tree[def: true]": true,
    "bar_stool_anchor_tree[def: true]": true,
    "anchor_tree_planks_crafting_table_anchor_tree[def: true]": true,
    "anchor_tree_ladder[def: true]": true,
    "sign_anchor_tree[def: true]": true,
    "chest_anchor_tree[def: true]": true,
    "barrel_anchor_tree[def: true]": true,
    "nether_sakura_log_nether_sakura_bark[def: true]": true,
    "striped_log_nether_sakura_nether_sakura_planks[def: true]": true,
    "striped_bark_nether_sakura_nether_sakura_planks[def: true]": true,
    "nether_sakura_log_nether_sakura_planks[def: true]": true,
    "nether_sakura_bark_nether_sakura_planks[def: true]": true,
    "nether_sakura_planks_nether_sakura_stairs[def: true]": true,
    "nether_sakura_planks_nether_sakura_slab[def: true]": true,
    "nether_sakura_fence[def: true]": true,
    "nether_sakura_gate[def: true]": true,
    "nether_sakura_planks_nether_sakura_button[def: true]": true,
    "nether_sakura_planks_nether_sakura_plate[def: true]": true,
    "nether_sakura_planks_nether_sakura_trapdoor[def: true]": true,
    "nether_sakura_planks_nether_sakura_door[def: true]": true,
    "taburet_nether_sakura[def: true]": true,
    "chair_nether_sakura[def: true]": true,
    "bar_stool_nether_sakura[def: true]": true,
    "nether_sakura_planks_crafting_table_nether_sakura[def: true]": true,
    "nether_sakura_ladder[def: true]": true,
    "sign_nether_sakura[def: true]": true,
    "chest_nether_sakura[def: true]": true,
    "barrel_nether_sakura[def: true]": true,
    "netherrack_stalactite_netherrack[def: true]": true,
    "glowstone_stalactite_glowstone[def: true]": true,
    "blackstone_stalactite_blackstone[def: true]": true,
    "basalt_stalactite_basalt[def: true]": true,
    "bone_stalactite_bone_block[def: true]": true,
    "cincinnasite_fire_bowl[def: true]": true,
    "bricks_fire_bowl[def: true]": true,
    "netherite_fire_bowl[def: true]": true,
    "cincinnasite_fire_bowl_soul[def: true]": true,
    "bricks_fire_bowl_soul[def: true]": true,
    "netherite_fire_bowl_soul[def: true]": true,
    "reeds_block_roof_tile_reeds[def: true]": true,
    "roof_tile_reeds_roof_tile_reeds_stairs[def: true]": true,
    "roof_tile_reeds_roof_tile_reeds_slab[def: true]": true,
    "stalagnate_planks_roof_tile_stalagnate[def: true]": true,
    "roof_tile_stalagnate_roof_tile_stalagnate_stairs[def: true]": true,
    "roof_tile_stalagnate_roof_tile_stalagnate_slab[def: true]": true,
    "nether_bricks_roof_tile_nether_bricks[def: true]": true,
    "roof_tile_nether_bricks_roof_tile_nether_bricks_stairs[def: true]": true,
    "roof_tile_nether_bricks_roof_tile_nether_bricks_slab[def: true]": true,
    "cincinnasite_forged_roof_tile_cincinnasite[def: true]": true,
    "roof_tile_cincinnasite_roof_tile_cincinnasite_stairs[def: true]": true,
    "roof_tile_cincinnasite_roof_tile_cincinnasite_slab[def: true]": true,
    "willow_planks_roof_tile_willow[def: true]": true,
    "roof_tile_willow_roof_tile_willow_stairs[def: true]": true,
    "roof_tile_willow_roof_tile_willow_slab[def: true]": true,
    "wart_planks_roof_tile_wart[def: true]": true,
    "roof_tile_wart_roof_tile_wart_stairs[def: true]": true,
    "roof_tile_wart_roof_tile_wart_slab[def: true]": true,
    "blackstone_furnace[def: true]": true,
    "basalt_furnace[def: true]": true,
    "netherrack_furnace[def: true]": true,
    "crimson_planks_crafting_table_crimson[def: true]": true,
    "warped_planks_crafting_table_warped[def: true]": true,
    "stalagnate_planks_crafting_table_stalagnate[def: true]": true,
    "reeds_block_crafting_table_reed[def: true]": true,
    "willow_planks_crafting_table_willow[def: true]": true,
    "wart_planks_crafting_table_wart[def: true]": true,
    "rubeus_planks_crafting_table_rubeus[def: true]": true,
    "mushroom_planks_crafting_table_mushroom[def: true]": true,
    "mushroom_fir_planks_crafting_table_mushroom_fir[def: true]": true,
    "chest_crimson[def: true]": true,
    "chest_warped[def: true]": true,
    "chest_stalagnate[def: true]": true,
    "chest_reed[def: true]": true,
    "chest_willow[def: true]": true,
    "chest_wart[def: true]": true,
    "chest_rubeus[def: true]": true,
    "chest_mushroom[def: true]": true,
    "chest_mushroom_fir[def: true]": true,
    "barrel_crimson[def: true]": true,
    "barrel_warped[def: true]": true,
    "barrel_stalagnate[def: true]": true,
    "barrel_reed[def: true]": true,
    "barrel_willow[def: true]": true,
    "barrel_wart[def: true]": true,
    "barrel_rubeus[def: true]": true,
    "barrel_mushroom[def: true]": true,
    "barrel_mushroom_fir[def: true]": true,
    "taburet_oak[def: true]": true,
    "taburet_spruce[def: true]": true,
    "taburet_birch[def: true]": true,
    "taburet_jungle[def: true]": true,
    "taburet_acacia[def: true]": true,
    "taburet_dark_oak[def: true]": true,
    "taburet_crimson[def: true]": true,
    "taburet_warped[def: true]": true,
    "taburet_reeds[def: true]": true,
    "taburet_stalagnate[def: true]": true,
    "taburet_willow[def: true]": true,
    "taburet_wart[def: true]": true,
    "taburet_cincinnasite[def: true]": true,
    "taburet_mushroom[def: true]": true,
    "taburet_mushroom_fir[def: true]": true,
    "taburet_rubeus[def: true]": true,
    "chair_oak[def: true]": true,
    "chair_spruce[def: true]": true,
    "chair_birch[def: true]": true,
    "chair_jungle[def: true]": true,
    "chair_acacia[def: true]": true,
    "chair_dark_oak[def: true]": true,
    "chair_crimson[def: true]": true,
    "chair_warped[def: true]": true,
    "chair_reeds[def: true]": true,
    "chair_stalagnate[def: true]": true,
    "chair_willow[def: true]": true,
    "chair_wart[def: true]": true,
    "chair_cincinnasite[def: true]": true,
    "chair_mushroom[def: true]": true,
    "chair_mushroom_fir[def: true]": true,
    "chair_rubeus[def: true]": true,
    "bar_stool_oak[def: true]": true,
    "bar_stool_spruce[def: true]": true,
    "bar_stool_birch[def: true]": true,
    "bar_stool_jungle[def: true]": true,
    "bar_stool_acacia[def: true]": true,
    "bar_stool_dark_oak[def: true]": true,
    "bar_stool_crimson[def: true]": true,
    "bar_stool_warped[def: true]": true,
    "bar_stool_reeds[def: true]": true,
    "bar_stool_stalagnate[def: true]": true,
    "bar_stool_willow[def: true]": true,
    "bar_stool_wart[def: true]": true,
    "bar_stool_cincinnasite[def: true]": true,
    "bar_stool_mushroom[def: true]": true,
    "bar_stool_mushroom_fir[def: true]": true,
    "bar_stool_rubeus[def: true]": true,
    "crimson_ladder[def: true]": true,
    "warped_ladder[def: true]": true,
    "reeds_ladder[def: true]": true,
    "stalagnate_ladder[def: true]": true,
    "willow_ladder[def: true]": true,
    "wart_ladder[def: true]": true,
    "mushroom_ladder[def: true]": true,
    "mushroom_fir_ladder[def: true]": true,
    "rubeus_ladder[def: true]": true,
    "sign_stalagnate[def: true]": true,
    "sign_reed[def: true]": true,
    "sign_willow[def: true]": true,
    "sign_wart[def: true]": true,
    "sign_rubeus[def: true]": true,
    "sign_mushroom[def: true]": true,
    "sign_mushroom_fir[def: true]": true,
    "cincinnasite_hammer[def: true]": true,
    "nether_ruby_hammer[def: true]": true,
    "cincinnasite_hammer_diamond[def: true]": true,
    "bn_glowstone_dust[def: true]": true,
    "cincinnasite_chains[def: true]": true,
    "glowstone_pile_to_dust[def: true]": true,
    "bn_yellow_dye[def: true]": true,
    "bn_golden_vine[def: true]": true,
    "wall_mushroom_brown_1[def: true]": true,
    "wall_mushroom_brown_2[def: true]": true,
    "wall_mushroom_red_1[def: true]": true,
    "wall_mushroom_red_2[def: true]": true
  }
}